timestamp,x,y,z
1769675378.3828812,0.0,0.0,0.0
1769675378.4028702,0.0,0.0,0.0
1769675378.4228587,0.0,0.0,0.0
1769675378.4428468,0.0,0.0,0.0
1769675378.4628377,0.0,0.0,0.0
1769675378.4828248,0.0,0.0,0.0
1769675378.502813,0.0,0.0,0.0
1769675378.5228045,0.0,0.0,0.0
1769675378.5427942,0.0,0.0,0.0
1769675378.5627794,0.0,0.0,0.0
1769675378.5827725,0.0,0.0,0.0
1769675378.6027553,0.0,0.0,0.0
1769675378.6227582,0.0,0.0,0.0
1769675378.6427548,0.0,0.0,0.0
1769675378.6627192,0.0,0.0,0.0
1769675378.6827087,0.0,0.0,0.0
1769675378.7026968,0.0,0.0,0.0
1769675378.7226846,0.0,0.0,0.0
1769675378.7426722,0.0,0.0,0.0
1769675378.7626607,0.0,0.0,0.0
1769675378.782651,0.0,0.0,0.0
1769675378.8026412,0.0,0.0,0.0
1769675378.822626,0.0,0.0,0.0
1769675378.8426147,0.0,0.0,0.0
1769675378.8626027,0.0,0.0,0.0
1769675378.8825908,0.0,0.0,0.0
1769675378.9025788,0.0,0.0,0.0
1769675378.9225676,0.0,0.0,0.0
1769675378.9425566,0.0,0.0,0.0
1769675378.962547,0.0,0.0,0.0
1769675378.9825351,0.0,0.0,0.0
1769675379.002523,0.0,0.0,0.0
1769675379.0225115,0.0,0.0,0.0
1769675379.0425076,0.0,0.0,0.0
1769675379.0624888,0.0,0.0,0.0
1769675379.0824778,0.0,0.0,0.0
1769675379.1024659,0.0,0.0,0.0
1769675379.1224642,0.0,0.0,0.0
1769675379.142444,0.0,0.0,0.0
1769675379.1624315,0.0,0.0,0.0
1769675379.1824186,0.0,0.0,0.0
1769675379.2024083,0.0,0.0,0.0
1769675379.2223988,0.0,0.0,0.0
1769675379.2423882,0.0,0.0,0.0
1769675379.2623773,0.0,0.0,0.0
1769675379.2823653,0.0,0.0,0.0
1769675379.3023558,0.0,0.0,0.0
1769675379.3223422,0.0,0.0,0.0
1769675379.3423285,0.0,0.0,0.0
1769675379.3623183,0.0,0.0,0.0
1769675379.3823109,0.0,0.0,0.0
1769675379.4022977,0.0,0.0,0.0
1769675379.4222867,0.0,0.0,0.0
1769675379.4422753,0.0,0.0,0.0
1769675379.4622655,0.0,0.0,0.0
1769675379.4822514,0.0,0.0,0.0
1769675379.5022395,0.0,0.0,0.0
1769675379.5222301,0.0,0.0,0.0
1769675379.542229,0.0,0.0,0.0
1769675379.5622067,0.0,0.0,0.0
1769675379.5821922,0.0,0.0,0.0
1769675379.6021812,0.0,0.0,0.0
1769675379.622168,0.0,0.0,0.0
1769675379.642155,0.0,0.0,0.0
1769675379.6621642,0.0,0.0,0.0
1769675379.682139,0.0,0.0,0.0
1769675379.7021236,0.0,0.0,0.0
1769675379.7221098,0.0,0.0,0.0
1769675379.7420957,0.0,0.0,0.0
1769675379.7620869,0.0,0.0,0.0
1769675379.782076,0.0,0.0,0.0
1769675379.8020632,0.0,0.0,0.0
1769675379.8220525,0.0,0.0,0.0
1769675379.8420384,0.0,0.0,0.0
1769675379.862029,0.0,0.0,0.0
1769675379.8820188,0.0,0.0,0.0
1769675379.9020052,0.0,0.0,0.0
1769675379.9219956,0.0,0.0,0.0
1769675379.9419856,0.0,0.0,0.0
1769675379.961971,0.0,0.0,0.0
1769675379.98196,0.0,0.0,0.0
1769675380.001947,0.0,0.0,0.0
1769675380.0219343,0.0,0.0,0.0
1769675380.0419393,0.0,0.0,0.0
1769675380.0619228,0.0,0.0,0.0
1769675380.0819068,0.0,0.0,0.0
1769675380.1019042,0.0,0.0,0.0
1769675380.1218884,0.0,0.0,0.0
1769675380.14187,0.0,0.0,0.0
1769675380.1618574,0.0,0.0,0.0
1769675380.1818466,0.0,0.0,0.0
1769675380.2018342,0.0,0.0,0.0
1769675380.2218213,0.0,0.0,0.0
1769675380.2418091,0.0,0.0,0.0
1769675380.261798,0.0,0.0,0.0
1769675380.281788,0.0,0.0,0.0
1769675380.301778,0.0,0.0,0.0
1769675380.3217666,0.0,0.0,0.0
1769675380.341753,0.0,0.0,0.0
1769675380.361743,0.0,0.0,0.0
1769675380.3817291,0.0,0.0,0.0
1769675380.4017246,0.0,0.0,0.0
1769675380.421707,0.0,0.0,0.0
1769675380.441696,0.0,0.0,0.0
1769675380.461683,0.0,0.0,0.0
1769675380.4817023,0.0,0.0,0.0
1769675380.501708,0.0,0.0,0.0
1769675380.5216556,0.0,0.0,0.0
1769675380.5416422,0.0,0.0,0.0
1769675380.5616415,0.0,0.0,0.0
1769675380.5816205,0.0,0.0,0.0
1769675380.601609,0.0,0.0,0.0
1769675380.6215963,0.0,0.0,0.0
1769675380.641599,0.0,0.0,0.0
1769675380.6615767,0.0,0.0,0.0
1769675380.6815758,0.0,0.0,0.0
1769675380.701562,0.0,0.0,0.0
1769675380.7215421,0.0,0.0,0.0
1769675380.7415314,0.0,0.0,0.0
1769675380.76152,0.0,0.0,0.0
1769675380.7815187,0.0,0.0,0.0
1769675380.8014953,0.0,0.0,0.0
1769675380.8214824,0.0,0.0,0.0
1769675380.8414724,0.0,0.0,0.0
1769675380.86146,0.0,0.0,0.0
1769675380.8814485,0.0,0.0,0.0
1769675380.9014473,0.0,0.0,0.0
1769675380.921424,0.0,0.0,0.0
1769675380.9414172,0.0,0.0,0.0
1769675380.9614024,0.0,0.0,0.0
1769675380.9813912,0.0,0.0,0.0
1769675381.00138,0.0,0.0,0.0
1769675381.0213654,0.0,0.0,0.0
1769675381.041369,0.0,0.0,0.0
1769675381.0613432,0.0,0.0,0.0
1769675381.0813324,0.0,0.0,0.0
1769675381.1013305,0.0,0.0,0.0
1769675381.1213198,0.0,0.0,0.0
1769675381.141331,0.0,0.0,0.0
1769675381.1612897,0.0,0.0,0.0
1769675381.1812758,0.0,0.0,0.0
1769675381.2012627,0.0,0.0,0.0
1769675381.2212617,0.0,0.0,0.0
1769675381.241241,0.0,0.0,0.0
1769675381.2612343,0.0,0.0,0.0
1769675381.2812176,0.0,0.0,0.0
1769675381.301213,0.0,0.0,0.0
1769675381.321195,0.0,0.0,0.0
1769675381.3411837,0.0,0.0,0.0
1769675381.3611732,0.0,0.0,0.0
1769675381.3811593,0.0,0.0,0.0
1769675381.4011512,0.0,0.0,0.0
1769675381.42114,0.0,0.0,0.0
1769675381.4411252,0.0,0.0,0.0
1769675381.4611163,0.0,0.0,0.0
1769675381.4811049,0.0,0.0,0.0
1769675381.5010998,0.0,0.0,0.0
1769675381.5210888,0.0,0.0,0.0
1769675381.5410736,0.0,0.0,0.0
1769675381.5610616,0.0,0.0,0.0
1769675381.5810397,7.991284779565641e-05,0.0,0.0
1769675381.6010282,0.0001598667819976681,-1.597336553316091e-08,0.0
1769675381.6210208,0.00023983735140907031,-4.7934959287257125e-08,0.0
1769675381.6410122,0.000719630749333799,-3.356159276974655e-07,0.0
1769675381.6610086,0.0011995438881222287,-7.193100683007206e-07,0.0
1769675381.6809943,0.0018590705331337403,-1.3784881537870178e-06,0.0
1769675381.700991,0.0026189439537746195,-1.986094097808935e-06,0.0
1769675381.7209737,0.0037779377139041956,-2.912842525389293e-06,0.0
1769675381.740952,0.004936680972121063,-3.839390647962243e-06,0.0
1769675381.7609484,0.006376431833866434,-4.9906365762240265e-06,0.0
1769675381.7809317,0.0076153862088669325,-5.733574475018294e-06,0.0
1769675381.8009183,0.009154368230692895,-6.963960749009936e-06,0.0
1769675381.820911,0.01069378645737709,-8.194695760324435e-06,0.0
1769675381.840898,0.01223279073219582,-9.425099825152141e-06,0.0
1769675381.8608837,0.01387161494771996,-1.0735307996312993e-05,0.0
1769675381.8808827,0.015791537493719223,-1.2653958459872357e-05,0.0
1769675381.9008586,0.017709205192824817,-1.4570355570531204e-05,0.0
1769675381.920848,0.019628175419291332,-1.6488054345535852e-05,0.0
1769675381.9408345,0.021546905933875458,-1.8405513567483937e-05,0.0
1769675381.9608192,0.02346542457656354,-2.0322761057915866e-05,0.0
1769675381.9808137,0.025384892466785876,-2.224095716693943e-05,0.0
1769675382.0008032,0.027303881125243346,-2.415867436172256e-05,0.0
1769675382.0207887,0.02922247963989224,-2.607600167119456e-05,0.0
1769675382.0407934,0.0311429520736217,-2.7995201658145195e-05,0.0
1769675382.0607688,0.033060579740746936,-2.991155876334766e-05,0.0
1769675382.0807583,0.03497957761519988,-3.1829285168020026e-05,0.0
1769675382.100743,0.036998025620592526,-3.3846395810992056e-05,0.0
1769675382.1207464,0.0390183647082521,-3.546163841026198e-05,0.0
1769675382.140728,0.0410365063189125,-3.667142776472333e-05,0.0
1769675382.1607103,0.0430547255980161,-3.747799102110159e-05,0.0
1769675382.1806996,0.045073639979007214,-3.7881405098561865e-05,0.0
1769675382.2006907,0.04699278319568906,-3.788126081737806e-05,0.0
1769675382.2206752,0.049011216048967965,-3.788110907159954e-05,0.0
1769675382.2406673,0.0511303919376578,-3.830445609334064e-05,0.0
1769675382.2606497,0.05324852658838071,-3.8727595107339394e-05,0.0
1769675382.2806375,0.05546715583370284,-3.917080989114646e-05,0.0
1769675382.300644,0.05768787352197907,-4.005831121512264e-05,0.0
1769675382.320619,0.059805234458218545,-4.132811562345174e-05,0.0
1769675382.3406043,0.06182375734351658,-4.2538645776433994e-05,0.0
1769675382.360598,0.06384312036733478,-4.4153257293007865e-05,0.0
1769675382.380583,0.0658615942283836,-4.617072577340976e-05,0.0
1769675382.4005737,0.06788066314014349,-4.778527980651945e-05,0.0
1769675382.420559,0.06989915693740469,-4.8995860962237045e-05,0.0
1769675382.4405506,0.07191831682926185,-4.980331058995901e-05,0.0
1769675382.4605384,0.07393709546618651,-5.0207019901981026e-05,0.0
1769675382.4805284,0.07585612809086739,-5.020720785203208e-05,0.0
1769675382.500518,0.0777751514995482,-5.020739580118053e-05,0.0
1769675382.5205033,0.0796937263002251,-5.0207583706392305e-05,0.0
1769675382.5404928,0.08161270977290555,-5.020777165162942e-05,0.0
1769675382.5604794,0.08353141983758362,-5.020795957008895e-05,0.0
1769675382.5804684,0.08545037566226384,-5.020814751261822e-05,0.0
1769675382.6004565,0.0873692330869432,-5.020833544551019e-05,0.0
1769675382.6204443,0.08928805988762228,-5.020852337540285e-05,0.0
1769675382.640433,0.09120697270430213,-5.020871131371991e-05,0.0
1769675382.660421,0.09312580564898128,-5.0208899244214314e-05,0.0
1769675382.6804142,0.09504516083366496,-5.02090872258569e-05,0.0
1769675382.700402,0.09696400289834418,-5.0209275157244516e-05,0.0
1769675382.7203887,0.09888272217902234,-5.020946307660667e-05,0.0
1769675382.7403848,0.10080234462770836,-5.020965108442509e-05,0.0
1769675382.76037,0.10272093181238537,-5.0209838990849755e-05,0.0
1769675382.780355,0.10463947896506204,-5.021002689335369e-05,0.0
1769675382.8003452,0.10655854230974318,-5.021021484641347e-05,0.0
1769675382.8203325,0.1084773261024219,-5.0210402772093925e-05,0.0
1769675382.8403225,0.1103963710151029,-5.0210590723348474e-05,0.0
1769675382.860311,0.11231526232778255,-5.021077865955944e-05,0.0
1769675382.8802984,0.11423403988046121,-5.021096658462875e-05,0.0
1769675382.9002874,0.1161529926331414,-5.021115452685715e-05,0.0
1769675382.9202776,0.1180720621218226,-5.021134248051867e-05,0.0
1769675382.9402628,0.11999064316249955,-5.0211530386341594e-05,0.0
1769675382.9602497,0.12190937770717784,-5.02117183071987e-05,0.0
1769675382.9802415,0.1238285915798603,-5.021190627500119e-05,0.0
1769675383.0002234,0.12574685620453452,-5.021209414983433e-05,0.0
1769675383.0202146,0.12766600863721644,-5.021228211161939e-05,0.0
1769675383.0402136,0.12958591985390497,-5.021247014771975e-05,0.0
1769675383.060196,0.13160412313417588,-5.02126678105446e-05,0.0
1769675383.0801797,0.1336224945391175,-5.061618069891204e-05,0.0
1769675383.100169,0.13564139577009537,-5.142325423708979e-05,0.0
1769675383.120179,0.13766239780110762,-5.2635148243366035e-05,0.0
1769675383.1401498,0.13967946923628072,-5.4248299918708724e-05,0.0
1769675383.1601386,0.14159839645453393,-5.616619026469892e-05,0.0
1769675383.1801264,0.14361716109453287,-5.8183864086327665e-05,0.0
1769675383.2001114,0.14553572539536833,-6.048487054044392e-05,0.0
1769675383.2201076,0.14755533324417577,-6.290706232878594e-05,0.0
1769675383.2400901,0.14957357106858798,-6.492404103591715e-05,0.0
1769675383.2600863,0.15159318538171968,-6.734596653531263e-05,0.0
1769675383.2800696,0.15361147405143244,-7.016988393206227e-05,0.0
1769675383.3000562,0.15573007605701947,-7.186406913633743e-05,0.0
1769675383.320041,0.15774853735292255,-7.347817468985955e-05,0.0
1769675383.340036,0.1598679938671859,-7.559661208573675e-05,0.0
1769675383.3600202,0.16178647001897212,-7.674697115101373e-05,0.0
1769675383.3800118,0.16370567740263323,-7.789776867846046e-05,0.0
1769675383.399994,0.1656239656452062,-7.981501421714007e-05,0.0
1769675383.4199831,0.1673630216803309,-8.085812195394056e-05,0.0
1769675383.4399729,0.16918209557316605,-8.194922541070299e-05,0.0
1769675383.459964,0.17130115560453396,-8.364386096940035e-05,0.0
1769675383.47995,0.17311987432418904,-8.437114485602523e-05,0.0
1769675383.4999366,0.17503858404379025,-8.552188586534296e-05,0.0
1769675383.5199287,0.17715774884628815,-8.763994622372133e-05,0.0
1769675383.539912,0.17897622568843546,-8.873037032791075e-05,0.0
1769675383.5599108,0.18071611398334586,-9.012135658286226e-05,0.0
1769675383.5798898,0.1828338986235469,-9.181445914242562e-05,0.0
1769675383.5998764,0.1846526697591979,-9.254176104317137e-05,0.0
1769675383.6198704,0.1865721106146692,-9.369294849575448e-05,0.0
1769675383.6398532,0.18869028495334225,-9.58103503163883e-05,0.0
1769675383.6598463,0.19080953184087912,-9.708185457749465e-05,0.0
1769675383.6798344,0.19272839199218755,-9.823313094515354e-05,0.0
1769675383.699824,0.19484731324778687,-9.95044398338384e-05,0.0
1769675383.7198164,0.19686654436463513,-9.990865496709759e-05,0.0
1769675383.7398016,0.1987851099493119,-9.990915154941677e-05,0.0
1769675383.7597992,0.2007048767819991,-9.990964844265497e-05,0.0
1769675383.7797842,0.20262344860667594,-9.991014502658925e-05,0.0
1769675383.7997637,0.2045414612313479,-9.99106414657858e-05,0.0
1769675383.8197546,0.2064606044480297,-9.991113819761347e-05,0.0
1769675383.8397405,0.2083792530727072,-9.991163480142589e-05,0.0
1769675383.8597336,0.2102985836813906,-9.991213158175623e-05,0.0
1769675383.8797228,0.2122175547700709,-9.991262826903202e-05,0.0
1769675383.8997085,0.2141361818907482,-9.991312486727856e-05,0.0
1769675383.9196947,0.2160548550914259,-9.9913621477452e-05,0.0
1769675383.939686,0.21797401664410787,-9.991411821402557e-05,0.0
1769675383.9596717,0.21999256261739064,-9.991464067426816e-05,0.0
1769675383.9796646,0.22191187168364365,-0.00010029872293590018,0.0
1769675383.9996467,0.223930065227504,-0.00010070259345074662,0.0
1769675384.0196347,0.22594887283134305,-0.00010150998731359615,0.0
1769675384.0396423,0.22786959471051843,-0.00010266207088609834,0.0
1769675384.0596147,0.22978693422227287,-0.00010381212565371,0.0
1769675384.079601,0.23180555740042666,-0.00010502293218839769,0.0
1769675384.0995972,0.2337252098593128,-0.00010655804334626025,0.0
1769675384.1196027,0.23574574943160675,-0.0001081738320938396,0.0
1769675384.139576,0.23776305967172534,-0.00011019060865599236,0.0
1769675384.1595588,0.23978131321214063,-0.0001126114421572625,0.0
1769675384.179547,0.24180012643274906,-0.00011462953266420104,0.0
1769675384.199539,0.24391927370314775,-0.0001171715024514924,0.0
1769675384.2195227,0.24593762107236478,-0.0001195925602535976,0.0
1769675384.2395136,0.2480566535864871,-0.00012171093182172208,0.0
1769675384.2595043,0.25007572526588234,-0.00012372937373383584,0.0
1769675384.2794914,0.25219434688248327,-0.0001262708648281667,0.0
1769675384.29948,0.2541132467013364,-0.00012780570815577007,0.0
1769675384.3194666,0.256031977656242,-0.00012934041641655,0.0
1769675384.3394535,0.25805062953879276,-0.00013095504702011055,0.0
1769675384.359446,0.26006987972464823,-0.00013216657536125017,0.0
1769675384.3794289,0.261988251715805,-0.00013293404574873637,0.0
1769675384.3994164,0.26400698811454437,-0.0001337416682605928,0.0
1769675384.4194098,0.2660263161913917,-0.0001341459144550894,0.0
1769675384.4393916,0.2678446594084704,-0.0001341463781325994,0.0
1769675384.459382,0.26976373807474213,-0.00013453033383999273,0.0
1769675384.4793756,0.27168313315701026,-0.00013491435285366415,0.0
1769675384.4993646,0.27360207348728355,-0.0001352982808837678,0.0
1769675384.5193532,0.27552096783355734,-0.00013568219971371758,0.0
1769675384.539342,0.2775398434304447,-0.00013608612208624226,0.0
1769675384.559332,0.27945886367112543,-0.00013608647570409412,0.0
1769675384.5793133,0.28137708528779926,-0.00013608682917478352,0.0
1769675384.5993047,0.2832962560564813,-0.00013608718282037317,0.0
1769675384.6192973,0.2852155498011644,-0.00013608753648862359,0.0
1769675384.6392817,0.28713405087384064,-0.00013608789001080834,0.0
1769675384.6592705,0.2890529790505206,-0.00013608824361169554,0.0
1769675384.679269,0.2909728472592087,-0.00013608859738580245,0.0
1769675384.6992512,0.292891127147883,-0.00013608895086722963,0.0
1769675384.7192395,0.2948100092445626,-0.0001360893044596257,0.0
1769675384.739227,0.2967288053252414,-0.00013608965803617158,0.0
1769675384.7592142,0.2986475675179199,-0.00013609001160647292,0.0
1769675384.779214,0.300567549390609,-0.0001360903654015247,0.0
1769675384.799194,0.3024856449592817,-0.00013609071884898723,0.0
1769675384.8191843,0.3044047083039628,-0.00013609107247478184,0.0
1769675384.839167,0.30632304656063764,-0.0001360914259669645,0.0
1769675384.8591561,0.3082420085293179,-0.00013609177957407857,0.0
1769675384.879148,0.31026118797462277,-0.00013609215164826665,0.0
1769675384.8991325,0.31227960775849123,-0.00013649604353900956,0.0
1769675384.9191184,0.31429819558633165,-0.00013730337082181298,0.0
1769675384.9391093,0.31631726144743477,-0.00013851442027216048,0.0
1769675384.959097,0.31833602655118165,-0.00014012885588186172,0.0
1769675384.9790876,0.3202551135131019,-0.00014204716060586435,0.0
1769675384.9990726,0.32217367506728,-0.00014396494013628602,0.0
1769675385.019064,0.324092841901161,-0.00014588332469969286,0.0
1769675385.0390637,0.32601281359864687,-0.0001478025137986346,0.0
1769675385.0590446,0.3279309911530135,-0.00014971990948576673,0.0
1769675385.0790322,0.32984980461106794,-0.00015163794081738636,0.0
1769675385.0990179,0.33186833987990566,-0.0001536556533122401,0.0
1769675385.1190255,0.33378908913836564,-0.00015519174787431095,0.0
1769675385.138999,0.33570653282985397,-0.00015672519885163104,0.0
1769675385.1589887,0.33772548538951075,-0.00015833983024316124,0.0
1769675385.1789718,0.33974379173068303,-0.00015955049256907413,0.0
1769675385.1989596,0.34156267352223424,-0.00016027806044133396,0.0
1769675385.218947,0.3435813968922918,-0.0001614890633569905,0.0
1769675385.238934,0.3457000299337733,-0.0001623365416632709,0.0
1769675385.2589278,0.34761944333289535,-0.00016310432975336994,0.0
1769675385.278913,0.349538021052077,-0.0001638717835615964,0.0
1769675385.298903,0.3516569391275323,-0.0001647193758848418,0.0
1769675385.3188891,0.3535756274387061,-0.00016548687393117475,0.0
1769675385.3388808,0.3553948587612197,-0.00016621458800423477,0.0
1769675385.358871,0.35741387656609974,-0.0001666185859526068,0.0
1769675385.378856,0.3593324235652934,-0.00016738600291506928,0.0
1769675385.398848,0.36115169856781193,-0.0001681137111739253,0.0
1769675385.4188373,0.3631706160796976,-0.0001685176535210936,0.0
1769675385.4388247,0.3650893997188955,-0.0001692851123152103,0.0
1769675385.4588084,0.3671077676697257,-0.00017009240199706077,0.0
1769675385.4787936,0.36912628441358347,-0.00017049637396640457,0.0
1769675385.498786,0.37124546028103683,-0.00017134401513740064,0.0
1769675385.5187783,0.3732646848128165,-0.00017215167715021814,0.0
1769675385.5387635,0.3753831246374055,-0.00017257549855184185,0.0
1769675385.558754,0.377302203303681,-0.00017295943516440287,0.0
1769675385.5787694,0.3793237646926122,-0.000173363874776697,0.0
1769675385.5987275,0.38123973136526645,-0.0001733636992741537,0.0
1769675385.6187208,0.38315908645395014,-0.0001733635234612315,0.0
1769675385.6387062,0.38507768899862727,-0.00017336334771724234,0.0
1769675385.6586926,0.3869963836073052,-0.00017336317196482012,0.0
1769675385.6786819,0.38891536707998564,-0.00017336299618593795,0.0
1769675385.6986694,0.39083415999266446,-0.00017336282042451108,0.0
1769675385.7186604,0.39275329706534623,-0.00017336264463155916,0.0
1769675385.7386503,0.39467233881002717,-0.00017336246884733927,0.0
1769675385.7586358,0.3965909259947042,-0.00017336229310475708,0.0
1769675385.7786264,0.3985100414673858,-0.00017336211731378373,0.0
1769675385.7986329,0.4004306469560803,-0.0001733619413863249,0.0
1769675385.8186166,0.4024490216333572,-0.0001733617565032086,0.0
1769675385.8385952,0.40446685642536045,-0.00017376481389414072,0.0
1769675385.8585818,0.40648550556053176,-0.00017457133104562838,0.0
1769675385.8785677,0.4086040028169491,-0.00017584115704779308,0.0
1769675385.8985558,0.41072274079932036,-0.00017711112734095213,0.0
1769675385.9185464,0.41284174346364094,-0.00017838125628431503,0.0
1769675385.9385343,0.4149604478644228,-0.00017880412308913404,0.0
1769675385.9585218,0.4170791421949591,-0.00017838002805313803,0.0
1769675385.9785104,0.4190979818159558,-0.00017716888209613518,0.0
1769675385.9984946,0.4212163227433994,-0.00017547461806123122,0.0
1769675386.0184855,0.4231354437462586,-0.00017393969152903362,0.0
1769675386.038489,0.42505577214074214,-0.0001724037993164875,0.0
1769675386.0584667,0.42697362440799613,-0.0001708698875279876,0.0
1769675386.0784519,0.4288922016670245,-0.00016933539588594615,0.0
1769675386.0984423,0.4307113335452459,-0.0001678804413618237,0.0
1769675386.1184502,0.43263209474611475,-0.00016596023355012023,0.0
1769675386.1384335,0.4345504842681482,-0.0001640423967339495,0.0
1769675386.1584136,0.43646857273432943,-0.00016212486088689395,0.0
1769675386.178392,0.4383864922405936,-0.0001602074939510765,0.0
1769675386.1983812,0.4403054593943434,-0.00015828907966961047,0.0
1769675386.218373,0.44222467221197254,-0.0001563704197950431,0.0
1769675386.2383587,0.44414329837388977,-0.0001544523464071667,0.0
1769675386.2583494,0.44606240367157174,-0.00015253379402156903,0.0
1769675386.2783377,0.44798128788136227,-0.00015061546266016535,0.0
1769675386.298325,0.4499000798351981,-0.00014869722352813656,0.0
1769675386.3183155,0.4518191545088951,-0.0001467787017577008,0.0
1769675386.3383033,0.4537379894707098,-0.00014486041963008412,0.0
1769675386.3582897,0.4556566769765969,-0.00014294228491591162,0.0
1769675386.3782814,0.4575758714582351,-0.0001410236433720525,0.0
1769675386.3982666,0.459494451444175,-0.0001391056161468497,0.0
1769675386.418256,0.46141343395791723,-0.00013718718650981656,0.0
1769675386.4382417,0.4634319917495034,-0.00013516921028350315,0.0
1769675386.4582334,0.46545115348105487,-0.00013274708559900107,0.0
1769675386.4782274,0.46757051061058164,-0.00012978107305476407,0.0
1769675386.4982083,0.4696884769154868,-0.00012681700695136845,0.0
1769675386.5181963,0.4718072234856187,-0.0001238518488770077,0.0
1769675386.53819,0.47382656568442527,-0.00012102580591835603,0.0
1769675386.5581737,0.47584492264857114,-0.00011860468277723886,0.0
1769675386.5781682,0.47786435964474466,-0.00011658582372232225,0.0
1769675386.5981522,0.47988275296750893,-0.00011497157470211628,0.0
1769675386.6181371,0.48190124040154897,-0.00011376062711143251,0.0
1769675386.6381304,0.48392055532825046,-0.00011295274381107282,0.0
1769675386.658134,0.4859409176451304,-0.0001125483769441389,0.0
1769675386.6781158,0.4878591698858045,-0.00011254816622413497,0.0
1769675386.6981008,0.48977772327848124,-0.0001125479554710495,0.0
1769675386.7180808,0.49169580655915385,-0.00011254774476960581,0.0
1769675386.7380772,0.4935154777392056,-0.00011254754487873116,0.0
1769675386.7580605,0.4953339606958851,-0.0001121837142321093,0.0
1769675386.77805,0.4971529939114948,-0.00011145627005705445,0.0
1769675386.798035,0.49897162518043137,-0.00011036545346061184,0.0
1769675386.8180268,0.5007908909198349,-0.0001089106765522491,0.0
1769675386.838025,0.50261074173474,-0.00010709160805379081,0.0
1769675386.8580065,0.5044290465145638,-0.00010563771654893449,0.0
1769675386.8779898,0.5061675875098379,-0.00010459498768105811,0.0
1769675386.8979816,0.5079068886239535,-0.00010355180291489627,0.0
1769675386.917971,0.5096459418751207,-0.00010250876681008447,0.0
1769675386.9379575,0.5113847891973309,-0.00010146585421577303,0.0
1769675386.9579504,0.5131241570404325,-0.00010042262942740849,0.0
1769675386.9779346,0.5149427154184146,-9.933190834358296e-05,0.0
1769675386.997921,0.5168614068976504,-9.856456469344881e-05,0.0
1769675387.0179138,0.5186807691692099,-9.783694584410108e-05,0.0
1769675387.037914,0.5207007791981433,-9.743294230675022e-05,0.0
1769675387.057893,0.5227186655809708,-9.662578419731061e-05,0.0
1769675387.077877,0.5247370559541892,-9.541516869145189e-05,0.0
1769675387.0978653,0.5266559251493934,-9.388077697971234e-05,0.0
1769675387.1178718,0.5287766064503555,-9.218500958734929e-05,0.0
1769675387.137842,0.5307935938537398,-9.057215928876154e-05,0.0
1769675387.1578295,0.5328123300507399,-8.936105599819783e-05,0.0
1769675387.1778166,0.5349309699821829,-8.851348035975167e-05,0.0
1769675387.1978056,0.536949858284921,-8.770581100699893e-05,0.0
1769675387.2177994,0.5389692442148085,-8.649428754968121e-05,0.0
1769675387.2377815,0.5409874209934464,-8.487997661726205e-05,0.0
1769675387.2577708,0.5430063375368787,-8.286165466354075e-05,0.0
1769675387.2777586,0.5449251659329261,-8.05598309046135e-05,0.0
1769675387.2977588,0.5470451884444973,-7.80166549767153e-05,0.0
1769675387.3177338,0.5490626541838094,-7.64035022580545e-05,0.0
1769675387.3377242,0.5510817006528699,-7.51923885835848e-05,0.0
1769675387.3577132,0.5531005761287037,-7.43849621253158e-05,0.0
1769675387.377701,0.5552192839212896,-7.396111457166736e-05,0.0
1769675387.39769,0.5572381820411866,-7.35572339458547e-05,0.0
1769675387.4176779,0.5592569540930232,-7.274984434898364e-05,0.0
1769675387.4376645,0.5612755965621725,-7.15390233969226e-05,0.0
1769675387.4576554,0.5632946815328755,-6.992439116441382e-05,0.0
1769675387.477641,0.5652133076950174,-6.800654252440103e-05,0.0
1769675387.4976459,0.567133773984256,-6.608685450300198e-05,0.0
1769675387.5176244,0.5690517088507373,-6.416969687850267e-05,0.0
1769675387.5376208,0.571071333202064,-6.215089097876202e-05,0.0
1769675387.5576098,0.5730902274849077,-6.053651912627641e-05,0.0
1769675387.5775928,0.5752084262449483,-5.926614844454094e-05,0.0
1769675387.597582,0.5774272397285015,-5.7935434986049764e-05,0.0
1769675387.6175737,0.5795463612180772,-5.7088108851910646e-05,0.0
1769675387.6375582,0.5814648685307535,-5.708808287532221e-05,0.0
1769675387.657547,0.5833837904674335,-5.708805689311977e-05,0.0
1769675387.6775353,0.5853026540361129,-5.7088030911707635e-05,0.0
1769675387.697532,0.5870423757080494,-5.778348414964759e-05,0.0
1769675387.7175088,0.5889601485634894,-5.8550113296978136e-05,0.0
1769675387.7375004,0.5907793885311928,-5.927735395077814e-05,0.0
1769675387.7574892,0.5925184143074305,-5.962486903338442e-05,0.0
1769675387.777477,0.5944372440457549,-5.924121273111367e-05,0.0
1769675387.7974668,0.5963562550320773,-5.8857520189600165e-05,0.0
1769675387.8174534,0.5980950831442865,-5.8509853926934716e-05,0.0
1769675387.8374524,0.6001149796294306,-5.729857545432751e-05,0.0
1769675387.8574312,0.6022327477112694,-5.6452138045483675e-05,0.0
1769675387.8774133,0.6039711887952464,-5.6451955891630964e-05,0.0
1769675387.8974178,0.605991647951164,-5.564428455232833e-05,0.0
1769675387.917395,0.6081092397759332,-5.5221399457040286e-05,0.0
1769675387.9373887,0.6100286133542893,-5.5604976071333837e-05,0.0
1769675387.957374,0.6119472219086539,-5.598839979964637e-05,0.0
1769675387.977362,0.6140659297013269,-5.641181229784641e-05,0.0
1769675387.9973505,0.6159848329570634,-5.7562388509978056e-05,0.0
1769675388.0173383,0.6179036623888126,-5.871292045717686e-05,0.0
1769675388.037334,0.6198232444604329,-5.986390368795631e-05,0.0
1769675388.0573196,0.6218417996658593,-6.107423130363735e-05,0.0
1769675388.0773056,0.6237604389212421,-6.184119568517299e-05,0.0
1769675388.0973024,0.625780138456196,-6.264855829925889e-05,0.0
1769675388.1172836,0.6277982253441924,-6.305171887924306e-05,0.0
1769675388.137266,0.6299163429711807,-6.305164065716084e-05,0.0
1769675388.1572611,0.6319358583831931,-6.224447713780673e-05,0.0
1769675388.1772478,0.6340544369412972,-6.097410570254878e-05,0.0
1769675388.197236,0.6360732597574581,-5.89565628395108e-05,0.0
1769675388.2172253,0.6380921693939563,-5.653538592609618e-05,0.0
1769675388.2372134,0.6400110373244496,-5.3850616671521316e-05,0.0
1769675388.2572324,0.6419328482280879,-5.1161729778785335e-05,0.0
1769675388.2771974,0.643849488768742,-4.848007695951234e-05,0.0
1769675388.297175,0.6457673367002249,-4.579673482868036e-05,0.0
1769675388.3171608,0.6476859772069389,-4.311228377233108e-05,0.0
1769675388.3371558,0.6496054964008003,-4.042660330764123e-05,0.0
1769675388.357137,0.6515236822519553,-3.774278837910808e-05,0.0
1769675388.3771262,0.6534426576063445,-3.5057868823218556e-05,0.0
1769675388.397113,0.655361377984981,-3.237330601468537e-05,0.0
1769675388.4171042,0.6572805438991852,-2.968811983850129e-05,0.0
1769675388.437097,0.6591998541012495,-2.700273178307151e-05,0.0
1769675388.457082,0.6611183901600647,-2.4318426864193508e-05,0.0
1769675388.4770753,0.6630377618020693,-2.1632952845545334e-05,0.0
1769675388.4970655,0.6649568079083897,-1.8947934297637123e-05,0.0
1769675388.51705,0.6668753163192318,-1.6263668062207398e-05,0.0
1769675388.5370429,0.668794629593293,-1.3578275708616698e-05,0.0
1769675388.5570292,0.6707133131079652,-1.0893764478014547e-05,0.0
1769675388.5770173,0.6726321871824525,-8.208986627117843e-06,0.0
1769675388.5970078,0.6745512516247553,-5.523942424561644e-06,0.0
1769675388.616993,0.6764698306915288,-2.8395773314307645e-06,0.0
1769675388.6369848,0.6783890518056794,-1.543139226676579e-07,0.0
1769675388.6570084,0.6803113174608766,2.5352092322019732e-06,0.0
1769675388.6769567,0.6822263359871042,5.214592622509339e-06,0.0
1769675388.6969483,0.6841455386692729,7.899830242306928e-06,0.0
1769675388.7169294,0.6861636268542369,1.0723422750114152e-05,0.0
1769675388.7369225,0.6881829244312728,1.3145229029868113e-05,0.0
1769675388.7569125,0.6901019590735873,1.5063112674343593e-05,0.0
1769675388.7768998,0.6922206183625101,1.7180501234635806e-05,0.0
1769675388.796892,0.6943397769524791,1.8451260465175016e-05,0.0
1769675388.8169057,0.6963611896695097,1.8855161665419375e-05,0.0
1769675388.8368645,0.6983770109656975,1.8854499427821953e-05,0.0
1769675388.856855,0.7004959969023319,1.843088282430175e-05,0.0
1769675388.8768542,0.7024159323497507,1.727945238249125e-05,0.0
1769675388.8968334,0.7043339384854997,1.6129178994263646e-05,0.0
1769675388.916824,0.7062530536130589,1.4978240517565643e-05,0.0
1769675388.9368088,0.7081715666287212,1.3827663141533009e-05,0.0
1769675388.9568036,0.710091074972213,1.2676488843992316e-05,0.0
1769675388.9767869,0.7120094652038963,1.1525985104399576e-05,0.0
1769675388.9967782,0.7139286386994456,1.0375011623045237e-05,0.0
1769675389.0167658,0.7158474374110589,9.224262908431586e-06,0.0
1769675389.0367637,0.7177672283785025,8.07291911466021e-06,0.0
1769675389.056745,0.7196854434102158,6.9225204466099265e-06,0.0
1769675389.0767593,0.7216068134813891,5.770229627193675e-06,0.0
1769675389.0967078,0.7235218704016428,4.6217249528596944e-06,0.0
1769675389.1167078,0.7254418672890511,3.4702576640425247e-06,0.0
1769675389.1366925,0.7274603352303418,2.2597349683210208e-06,0.0
1769675389.1566737,0.7295783237919983,1.4128040118589355e-06,0.0
1769675389.1766648,0.7316974013549752,1.412264494723461e-06,0.0
1769675389.196654,0.7338162684448083,2.258903125600825e-06,0.0
1769675389.2166529,0.7359361323805083,3.953432881406764e-06,0.0
1769675389.2366307,0.7379538848605977,6.373389306828874e-06,0.0
1769675389.256619,0.739872749719179,9.058093454416811e-06,0.0
1769675389.276608,0.7417917004976771,1.174291781347017e-05,0.0
1769675389.2966049,0.7438113982172113,1.4568698284803818e-05,0.0
1769675389.3166184,0.7457326843085684,1.687258928447264e-05,0.0
1769675389.3365765,0.7476486495077048,1.917009978945479e-05,0.0
1769675389.3565614,0.7496671357527585,2.1590547381228884e-05,0.0
1769675389.3765495,0.7515859891473742,2.350803743105901e-05,0.0
1769675389.3965623,0.7534071561861058,2.5327910531132778e-05,0.0
1769675389.4165273,0.7555234507868615,2.7866232555562664e-05,0.0
1769675389.436515,0.7576421375916658,2.9561428896033015e-05,0.0
1769675389.4565008,0.7596607123901696,3.036959364214941e-05,0.0
1769675389.4764946,0.7617800409185427,3.079452985924667e-05,0.0
1769675389.4964786,0.7638983348874302,3.0372209407442883e-05,0.0
1769675389.5164678,0.7658173241597898,2.9222645833901684e-05,0.0
1769675389.5365329,0.7677435603749121,2.8068741005544986e-05,0.0
1769675389.5564475,0.7696553547365002,2.6923487517243453e-05,0.0
1769675389.5764341,0.7715740889369033,2.5774076743633964e-05,0.0
1769675389.596422,0.7734928999372933,2.462461996327048e-05,0.0
1769675389.6164112,0.7754118860416535,2.3475058287507882e-05,0.0
1769675389.6363983,0.7773306478900519,2.2325630951466953e-05,0.0
1769675389.6563885,0.779249692458402,2.117603425306288e-05,0.0
1769675389.676376,0.781168509602791,2.002657379215907e-05,0.0
1769675389.6963649,0.7830874342671617,1.8877048921799672e-05,0.0
1769675389.7163534,0.785006325139538,1.772754429441203e-05,0.0
1769675389.7363422,0.7869252498039087,1.657801942405263e-05,0.0
1769675389.7563295,0.7888440270123045,1.5428582886660903e-05,0.0
1769675389.7763183,0.790762964060673,1.4279050597712421e-05,0.0
1769675389.7963052,0.7926816982610762,1.312963982410293e-05,0.0
1769675389.8162959,0.7946008072454153,1.198000453753394e-05,0.0
1769675389.836284,0.7965196520377995,1.0830527514198696e-05,0.0
1769675389.8562722,0.798438530622178,9.681030247891693e-06,0.0
1769675389.8762617,0.800357529014536,8.531461211048457e-06,0.0
1769675389.896271,0.8022784229265705,7.380756670008159e-06,0.0
1769675389.9162438,0.8041957993032055,6.232159295809317e-06,0.0
1769675389.9362316,0.8061146410235903,5.082684112744232e-06,0.0
1769675389.9562185,0.808033359863996,3.933282540485541e-06,0.0
1769675389.9762077,0.8099523490403556,2.7837190244527845e-06,0.0
1769675389.9961936,0.8118709849367756,1.6343671394884095e-06,0.0
1769675390.0161815,0.8138897502228425,4.250331062978572e-07,0.0
1769675390.0361829,0.8159098889274738,-1.1889046974818952e-06,0.0
1769675390.0561643,0.8180279274816917,-3.3046943182453133e-06,0.0
1769675390.0761526,0.8201466817475441,-5.421198890700531e-06,0.0
1769675390.0961401,0.8223652920591861,-7.63745348179033e-06,0.0
1769675390.116134,0.8243846614468121,-9.251057129943959e-06,0.0
1769675390.1361265,0.8265038810934391,-1.0520735508378631e-05,0.0
1769675390.1561072,0.8285219324296368,-1.0922877700147006e-05,0.0
1769675390.1760929,0.8304405563823138,-1.0921852138108503e-05,0.0
1769675390.1960819,0.8323594998229937,-1.0920826405294083e-05,0.0
1769675390.216065,0.8343777935992676,-1.0919747566745964e-05,0.0
1769675390.2360556,0.8362969059614265,-1.0535223489474738e-05,0.0
1769675390.2560456,0.8381159829659757,-1.0170743055472056e-05,0.0
1769675390.2760358,0.8401349974782746,-1.0169800155525741e-05,0.0
1769675390.296025,0.8420539593124337,-9.785298870072154e-06,0.0
1769675390.3160124,0.8439727584265946,-9.400830188731553e-06,0.0
1769675390.3359954,0.8458911149807606,-9.016450182884089e-06,0.0
1769675390.355986,0.847910178033531,-8.611891673494975e-06,0.0
1769675390.375987,0.8497302653927659,-7.883353161807174e-06,0.0
1769675390.3959675,0.8516483885709739,-7.499216314002679e-06,0.0
1769675390.4159544,0.8535671353651748,-7.114954576470308e-06,0.0
1769675390.4359446,0.8554861924313722,-6.730630701684166e-06,0.0
1769675390.4559333,0.8574051112575712,-6.34633451181307e-06,0.0
1769675390.4759212,0.8594238800973786,-5.942041655452292e-06,0.0
1769675390.495906,0.8613424301684599,-5.174343144848221e-06,0.0
1769675390.5158966,0.863261514767503,-4.406430745471386e-06,0.0
1769675390.5358918,0.8651810540225137,-3.638336417713118e-06,0.0
1769675390.5558727,0.8670992354536212,-2.8707854166075053e-06,0.0
1769675390.5758638,0.8690183722766607,-2.1028521200517217e-06,0.0
1769675390.5958452,0.8710365075233613,-1.2953050841714436e-06,0.0
1769675390.6158428,0.8729562773895264,-9.107180510787787e-07,0.0
1769675390.6358306,0.8748750948397024,-5.263218152509315e-07,0.0
1769675390.6558132,0.8768933400954766,-1.2200723116901715e-07,0.0
1769675390.6757965,0.8789116628587514,-1.2099100568042185e-07,0.0
1769675390.6957915,0.8808311777493029,-5.036087307207313e-07,0.0
1769675390.7157805,0.8828500532454896,-9.060320478270081e-07,0.0
1769675390.7357724,0.8848692388928899,-1.7121295293297298e-06,0.0
1769675390.7557552,0.8867875890932527,-2.8614870451362562e-06,0.0
1769675390.7757392,0.8887060529575961,-4.010912661412833e-06,0.0
1769675390.7957327,0.8906254261337841,-5.160883081449806e-06,0.0
1769675390.8157182,0.8925440435981014,-6.310400725388611e-06,0.0
1769675390.8357055,0.8944628238783907,-7.460015918649379e-06,0.0
1769675390.8556964,0.8963819512946207,-8.609839094426784e-06,0.0
1769675390.8756838,0.8984006713325827,-9.819332047018077e-06,0.0
1769675390.895672,0.9005194197026859,-1.0665274501237562e-05,0.0
1769675390.9156625,0.9025384536069855,-1.0664267588861654e-05,0.0
1769675390.9356542,0.9045576233157437,-1.02596198243864e-05,0.0
1769675390.955638,0.9067758046535912,-9.371635580359797e-06,0.0
1769675390.9756367,0.9087956980071499,-8.159382306318614e-06,0.0
1769675390.9956162,0.9107137161618313,-6.624686538055683e-06,0.0
1769675391.0156038,0.9128323927905879,-4.929434567403367e-06,0.0
1769675391.035602,0.9148522308163307,-3.3132679721507418e-06,0.0
1769675391.05558,0.9166702149481871,-1.4950460277733913e-06,0.0
1769675391.075573,0.9187894843295182,1.0478857094351546e-06,0.0
1769675391.0955586,0.9208080263237921,2.6628137581145437e-06,0.0
1769675391.115555,0.9228276610163472,3.874980321154334e-06,0.0
1769675391.1355386,0.9249459107616814,4.722761257757167e-06,0.0
1769675391.1555228,0.9269643369489597,4.723886086277673e-06,0.0
1769675391.1755104,0.9288831390395358,4.3414939886061415e-06,0.0
1769675391.1954978,0.9309018593997377,3.939189489908152e-06,0.0
1769675391.2154849,0.9327206887759105,3.213185188207054e-06,0.0
1769675391.2354736,0.9346396137464844,2.8307649178271147e-06,0.0
1769675391.2554626,0.9366585086346881,2.428421761708485e-06,0.0
1769675391.275451,0.9384774428428366,1.7023406917132294e-06,0.0
1769675391.2954397,0.9402964062797791,1.3398276665955125e-06,0.0
1769675391.3154275,0.9423151719280692,1.3410179509827967e-06,0.0
1769675391.3354163,0.9441341673970134,9.785136760421902e-07,0.0
1769675391.3554046,0.9460530248216924,9.79667772814468e-07,0.0
1769675391.3753953,0.9480721039739934,9.80882147943477e-07,0.0
1769675391.3953848,0.9499910934565595,5.984134046000875e-07,0.0
1769675391.4153726,0.9519099201231275,2.159771116847938e-07,0.0
1769675391.4353604,0.953928695427322,-1.8637968114944976e-07,0.0
1769675391.455349,0.9558475803471148,-9.52371911384809e-07,0.0
1769675391.4753368,0.9577664068989118,-1.7183408419262368e-06,0.0
1769675391.4953249,0.9597852176343555,-2.524222071027032e-06,0.0
1769675391.5153136,0.9617041330827024,-3.6737837326606422e-06,0.0
1769675391.5353053,0.9636233219390026,-4.8235091843671235e-06,0.0
1769675391.5552936,0.9655422128113537,-5.973056123297555e-06,0.0
1769675391.5752897,0.9674618471075778,-7.123048423999163e-06,0.0
1769675391.5952764,0.9693805475159614,-8.272481261979954e-06,0.0
1769675391.6152604,0.9712990175243843,-9.421776074618439e-06,0.0
1769675391.6352484,0.97321788074874,-1.0571306450507793e-05,0.0
1769675391.6552446,0.9751375150449642,-1.1721298751209401e-05,0.0
1769675391.6752279,0.9770558928934028,-1.2870538353710963e-05,0.0
1769675391.695216,0.9789747469017601,-1.4020063208586624e-05,0.0
1769675391.715203,0.9808935118221327,-1.516953469366326e-05,0.0
1769675391.735191,0.982812371974489,-1.6319063229214718e-05,0.0
1769675391.75518,0.9847312812788369,-1.7468621210172535e-05,0.0
1769675391.7751722,0.9866505622951214,-1.861840187201594e-05,0.0
1769675391.7951605,0.9885694224474777,-1.97679304075674e-05,0.0
1769675391.8151479,0.9904882211598445,-2.0917422136360908e-05,0.0
1769675391.8351426,0.9924077110720932,-2.2067327941181335e-05,0.0
1769675391.8551311,0.9943266050164438,-2.3216876720449663e-05,0.0
1769675391.875112,0.9961448809312498,-2.4306148414902635e-05,0.0
1769675391.8951108,0.9980647458189181,-2.507266945064818e-05,0.0
1769675391.9150858,0.9998824802831296,-2.5798414117977316e-05,0.0
1769675391.9350734,1.0017013534479995,-2.6161291552088816e-05,0.0
1769675391.9550686,1.0035209022330536,-2.6160619319805204e-05,0.0
1769675391.9750633,1.0054404108832256,-2.5776103599990188e-05,0.0
1769675391.9950466,1.0071789493723176,-2.5427839798991187e-05,0.0
1769675392.0150344,1.0089978397180024,-2.433653475096889e-05,0.0
1769675392.0350263,1.0107371432855692,-2.294533163782289e-05,0.0
1769675392.0550108,1.012076094541605,-2.18743551904201e-05,0.0
1769675392.0749955,1.0131352903922717,-2.102714450658288e-05,0.0
1769675392.0949912,1.0139950974378167,-2.0167586237007708e-05,0.0
1769675392.1149766,1.0144747509685907,-1.978398079193702e-05,0.0
1769675392.1349652,1.0146546469784763,-1.9676061267613656e-05,0.0
1769675392.154952,1.0148345291643648,-1.9568150036298974e-05,0.0
1769675392.1749394,1.0146546423704772,-1.9676064031949884e-05,0.0
1769675392.1949282,1.0143748004834447,-1.9732074639791557e-05,0.0
1769675392.2149172,1.0140949554688068,-1.973214847689702e-05,0.0
1769675392.234907,1.0138150965577446,-1.967628151914495e-05,0.0
1769675392.2548943,1.01353527439944,-1.9564485663038395e-05,0.0
1769675392.2748814,1.0134553259860044,-1.9516564768035555e-05,0.0
1769675392.2948718,1.0133753643805883,-1.9484617980306588e-05,0.0
1769675392.3148594,1.0132954144183839,-1.946865816432417e-05,0.0
1769675392.3348522,1.0132154430785854,-1.9468678344291604e-05,0.0
1769675392.354835,1.0131355119323904,-1.9484679015346186e-05,0.0
1769675392.3748262,1.0130555468709896,-1.9516665723799147e-05,0.0
1769675392.3948145,1.01297559346558,-1.956463147139891e-05,0.0
1769675392.4148016,1.0128956455793534,-1.9628574181961054e-05,0.0
1769675392.434792,1.0128156834955104,-1.9708510263786653e-05,0.0
1769675392.4547803,1.012735730005239,-1.98044209003163e-05,0.0
1769675392.4747722,1.012735730005239,-1.98044209003163e-05,0.0
1769675392.494761,1.012735730005239,-1.98044209003163e-05,0.0
1769675392.5147493,1.012735730005239,-1.98044209003163e-05,0.0
1769675392.5347614,1.012735730005239,-1.98044209003163e-05,0.0
1769675392.5547214,1.012735730005239,-1.98044209003163e-05,0.0
1769675392.5747128,1.0126557646317471,-1.9916329605932754e-05,0.0
1769675392.594706,1.012575791685486,-2.001226120148735e-05,0.0
1769675392.614689,1.012395944702083,-2.0192039458273674e-05,0.0
1769675392.634674,1.012216079508197,-2.029995091748762e-05,0.0
1769675392.6546605,1.0120362007495471,-2.033597287075311e-05,0.0
1769675392.674654,1.0119562273633396,-2.0320020279651092e-05,0.0
1769675392.6946397,1.011876284189919,-2.0288090398812435e-05,0.0
1769675392.7146308,1.011876284189919,-2.0288090398812435e-05,0.0
1769675392.734619,1.011876284189919,-2.0288090398812435e-05,0.0
1769675392.7546084,1.011876284189919,-2.0288090398812435e-05,0.0
1769675392.7745957,1.011876284189919,-2.0288090398812435e-05,0.0
1769675392.7945826,1.011876284189919,-2.0288090398812435e-05,0.0
1769675392.8145766,1.011876284189919,-2.0288090398812435e-05,0.0
1769675392.8345652,1.011876284189919,-2.0288090398812435e-05,0.0
1769675392.8545465,1.011876284189919,-2.0288090398812435e-05,0.0
1769675392.8745382,1.011876284189919,-2.0288090398812435e-05,0.0
1769675392.8945265,1.011876284189919,-2.0288090398812435e-05,0.0
1769675392.914515,1.011876284189919,-2.0288090398812435e-05,0.0
1769675392.9345007,1.0117963407724764,-2.0240183090103238e-05,0.0
1769675392.9544914,1.0117163783990564,-2.0208245591022454e-05,0.0
1769675392.974476,1.0116364397008504,-2.0192297769714457e-05,0.0
1769675392.9944701,1.0115564631130518,-2.0192325449610873e-05,0.0
1769675393.0144572,1.011476515070858,-2.0208338047764847e-05,0.0
1769675393.0344446,1.011476515070858,-2.0208338047764847e-05,0.0
1769675393.0544448,1.011476515070858,-2.0208338047764847e-05,0.0
1769675393.074427,1.011476515070858,-2.0208338047764847e-05,0.0
1769675393.0944135,1.011476515070858,-2.0208338047764847e-05,0.0
1769675393.1143997,1.011476515070858,-2.0208338047764847e-05,0.0
1769675393.1343842,1.011476515070858,-2.0208338047764847e-05,0.0
1769675393.1543748,1.011476515070858,-2.0208338047764847e-05,0.0
1769675393.1743696,1.011476515070858,-2.0208338047764847e-05,0.0
1769675393.1943524,1.011476515070858,-2.0208338047764847e-05,0.0
1769675393.2143428,1.011476515070858,-2.0208338047764847e-05,0.0
1769675393.234332,1.011476515070858,-2.0208338047764847e-05,0.0
1769675393.2543206,1.011476515070858,-2.0208338047764847e-05,0.0
1769675393.274308,1.011476515070858,-2.0208338047764847e-05,0.0
1769675393.2942917,1.011476515070858,-2.0208338047764847e-05,0.0
1769675393.314284,1.011476515070858,-2.0208338047764847e-05,0.0
1769675393.3342748,1.011476515070858,-2.0208338047764847e-05,0.0
1769675393.3542547,1.011476515070858,-2.0208338047764847e-05,0.0
1769675393.3742425,1.011476515070858,-2.0208338047764847e-05,0.0
1769675393.3942313,1.011476515070858,-2.0208338047764847e-05,0.0
1769675393.414219,1.0113965647294616,-2.024033079028675e-05,0.0
1769675393.4342077,1.0113166096600574,-2.028830651670855e-05,0.0
1769675393.4541948,1.0112366612618386,-2.0352258949159903e-05,0.0
1769675393.474184,1.011156704170003,-2.0432199456357982e-05,0.0
1769675393.4941723,1.0110767510637415,-2.0528118049711923e-05,0.0
1769675393.5141618,1.0109967931142543,-2.0640024706926323e-05,0.0
1769675393.5341504,1.0109168389839922,-2.073594355651533e-05,0.0
1769675393.5541391,1.010836883944155,-2.081588162835578e-05,0.0
1769675393.5741303,1.0107569186459393,-2.0879845865018692e-05,0.0
1769675393.594116,1.0106769761205312,-2.0927810304123968e-05,0.0
1769675393.614104,1.0106769761205312,-2.0927810304123968e-05,0.0
1769675393.6340916,1.0106769761205312,-2.0927810304123968e-05,0.0
1769675393.65408,1.0106769761205312,-2.0927810304123968e-05,0.0
1769675393.6740704,1.0106769761205312,-2.0927810304123968e-05,0.0
1769675393.6940582,1.0106769761205312,-2.0927810304123968e-05,0.0
1769675393.7140467,1.0106769761205312,-2.0927810304123968e-05,0.0
1769675393.7340343,1.0106769761205312,-2.0927810304123968e-05,0.0
1769675393.7540233,1.0106769761205312,-2.0927810304123968e-05,0.0
1769675393.7740207,1.0106769761205312,-2.0927810304123968e-05,0.0
1769675393.79401,1.0106769761205312,-2.0927810304123968e-05,0.0
1769675393.8140013,1.0106769761205312,-2.0927810304123968e-05,0.0
1769675393.8339844,1.0106769761205312,-2.0927810304123968e-05,0.0
1769675393.853968,1.0106769761205312,-2.0927810304123968e-05,0.0
1769675393.8739638,1.0106769761205312,-2.0927810304123968e-05,0.0
1769675393.8939507,1.0106769761205312,-2.0927810304123968e-05,0.0
1769675393.9139397,1.0106769761205312,-2.0927810304123968e-05,0.0
1769675393.9339242,1.0106769761205312,-2.0927810304123968e-05,0.0
1769675393.9539113,1.0106769761205312,-2.0927810304123968e-05,0.0
1769675393.9739046,1.0106769761205312,-2.0927810304123968e-05,0.0
1769675393.9938896,1.0106769761205312,-2.0927810304123968e-05,0.0
1769675394.0138834,1.0106769761205312,-2.0927810304123968e-05,0.0
1769675394.033871,1.0106769761205312,-2.0927810304123968e-05,0.0
1769675394.053854,1.0106769761205312,-2.0927810304123968e-05,0.0
1769675394.0738404,1.0106769761205312,-2.0927810304123968e-05,0.0
1769675394.0938265,1.0106769761205312,-2.0927810304123968e-05,0.0
1769675394.1138349,1.0106769761205312,-2.0927810304123968e-05,0.0
1769675394.1338274,1.0106769761205312,-2.0927810304123968e-05,0.0
1769675394.1538143,1.0106769761205312,-2.0927810304123968e-05,0.0
1769675394.173793,1.0106769761205312,-2.0927810304123968e-05,0.0
1769675394.1937761,1.0106769761205312,-2.0927810304123968e-05,0.0
1769675394.213767,1.0106769761205312,-2.0927810304123968e-05,0.0
1769675394.2337558,1.0106769761205312,-2.0927810304123968e-05,0.0
1769675394.2537456,1.0106769761205312,-2.0927810304123968e-05,0.0
1769675394.2737296,1.0106769761205312,-2.0927810304123968e-05,0.0
1769675394.293726,1.0106769761205312,-2.0927810304123968e-05,0.0
1769675394.313715,1.0106769761205312,-2.0927810304123968e-05,0.0
1769675394.3336987,1.0106769761205312,-2.0927810304123968e-05,0.0
1769675394.3536835,1.0106769761205312,-2.0927810304123968e-05,0.0
1769675394.3736746,1.0106769761205312,-2.0927810304123968e-05,0.0
1769675394.393659,1.0106769761205312,-2.0927810304123968e-05,0.0
1769675394.4136617,1.0106769761205312,-2.0927810304123968e-05,0.0
1769675394.4336405,1.0106769761205312,-2.0927810304123968e-05,0.0
1769675394.4536202,1.0106769761205312,-2.0927810304123968e-05,0.0
1769675394.4736133,1.0106769761205312,-2.0927810304123968e-05,0.0
1769675394.4936018,1.0106769761205312,-2.0927810304123968e-05,0.0
1769675394.5135937,1.0106769761205312,-2.0927810304123968e-05,0.0
1769675394.533586,1.0106769761205312,-2.0927810304123968e-05,0.0
1769675394.55358,1.0106769761205312,-2.0927810304123968e-05,0.0
1769675394.5735624,1.0106769761205312,-2.0927810304123968e-05,0.0
1769675394.5935416,1.0106769761205312,-2.0927810304123968e-05,0.0
1769675394.6135364,1.0106769761205312,-2.0927810304123968e-05,0.0
1769675394.6335242,1.0106769761205312,-2.0927810304123968e-05,0.0
1769675394.6535132,1.0106769761205312,-2.0927810304123968e-05,0.0
1769675394.6734993,1.0106769761205312,-2.0927810304123968e-05,0.0
1769675394.693494,1.0106769761205312,-2.0927810304123968e-05,0.0
1769675394.71348,1.0106769761205312,-2.0927810304123968e-05,0.0
1769675394.733463,1.0106769761205312,-2.0927810304123968e-05,0.0
1769675394.7534494,1.0106769761205312,-2.0927810304123968e-05,0.0
1769675394.7734451,1.0106769761205312,-2.0927810304123968e-05,0.0
1769675394.7934375,1.0106769761205312,-2.0927810304123968e-05,0.0
1769675394.813415,1.0106769761205312,-2.0927810304123968e-05,0.0
1769675394.8334098,1.0106769761205312,-2.0927810304123968e-05,0.0
1769675394.8533964,1.0106769761205312,-2.0927810304123968e-05,0.0
1769675394.8733833,1.0106769761205312,-2.0927810304123968e-05,0.0
1769675394.8933735,1.0106769761205312,-2.0927810304123968e-05,0.0
1769675394.9133568,1.0106769761205312,-2.0927810304123968e-05,0.0
1769675394.933355,1.0106769761205312,-2.0927810304123968e-05,0.0
1769675394.9533386,1.0106769761205312,-2.0927810304123968e-05,0.0
1769675394.9733233,1.0106769761205312,-2.0927810304123968e-05,0.0
1769675394.9933178,1.0106769761205312,-2.0927810304123968e-05,0.0
1769675395.013303,1.0106769761205312,-2.0927810304123968e-05,0.0
1769675395.0332973,1.0106769761205312,-2.0927810304123968e-05,0.0
1769675395.0532923,1.0106769761205312,-2.0927810304123968e-05,0.0
1769675395.0732698,1.0106769761205312,-2.0927810304123968e-05,0.0
1769675395.0932593,1.0106769761205312,-2.0927810304123968e-05,0.0
1769675395.1132448,1.0106769761205312,-2.0927810304123968e-05,0.0
1769675395.1332493,1.0106769761205312,-2.0927810304123968e-05,0.0
1769675395.1532276,1.0106769761205312,-2.0927810304123968e-05,0.0
1769675395.1732082,1.0106769761205312,-2.0927810304123968e-05,0.0
1769675395.1932003,1.0106769761205312,-2.0927810304123968e-05,0.0
1769675395.2131875,1.0106769761205312,-2.0927810304123968e-05,0.0
1769675395.233174,1.0106769761205312,-2.0927810304123968e-05,0.0
1769675395.2531674,1.0106769761205312,-2.0927810304123968e-05,0.0
1769675395.2731605,1.0106769761205312,-2.0927810304123968e-05,0.0
1769675395.2931511,1.0106769761205312,-2.0927810304123968e-05,0.0
1769675395.313135,1.0106769761205312,-2.0927810304123968e-05,0.0
1769675395.3331141,1.0106769761205312,-2.0927810304123968e-05,0.0
1769675395.3531077,1.0106769761205312,-2.0927810304123968e-05,0.0
1769675395.3730938,1.0106769761205312,-2.0927810304123968e-05,0.0
1769675395.3930807,1.0106769761205312,-2.0927810304123968e-05,0.0
1769675395.4130678,1.0106769761205312,-2.0927810304123968e-05,0.0
1769675395.4330637,1.0106769761205312,-2.0927810304123968e-05,0.0
1769675395.4530456,1.0106769761205312,-2.0927810304123968e-05,0.0
1769675395.4730425,1.0106769761205312,-2.0927810304123968e-05,0.0
1769675395.4930258,1.0106769761205312,-2.0927810304123968e-05,0.0
1769675395.5130217,1.0106769761205312,-2.0927810304123968e-05,0.0
1769675395.5330126,1.0106769761205312,-2.0927810304123968e-05,0.0
1769675395.5529892,1.0106769761205312,-2.0927810304123968e-05,0.0
1769675395.5729818,1.0106769761205312,-2.0927810304123968e-05,0.0
1769675395.5929642,1.0106769761205312,-2.0927810304123968e-05,0.0
1769675395.612955,1.0106769761205312,-2.0927810304123968e-05,0.0
1769675395.632949,1.0106769761205312,-2.0927810304123968e-05,0.0
1769675395.6529312,1.0106769761205312,-2.0927810304123968e-05,0.0
1769675395.6729233,1.0106769761205312,-2.0927810304123968e-05,0.0
1769675395.6929142,1.0106769761205312,-2.0927810304123968e-05,0.0
1769675395.712899,1.0106769761205312,-2.0927810304123968e-05,0.0
1769675395.7328875,1.0106769761205312,-2.0927810304123968e-05,0.0
1769675395.7528725,1.0106769761205312,-2.0927810304123968e-05,0.0
1769675395.7728739,1.0106769761205312,-2.0927810304123968e-05,0.0
1769675395.7928703,1.0106769761205312,-2.0927810304123968e-05,0.0
1769675395.812843,1.0106769761205312,-2.0927810304123968e-05,0.0
1769675395.8328352,1.0106769761205312,-2.0927810304123968e-05,0.0
1769675395.852819,1.0106769761205312,-2.0927810304123968e-05,0.0
1769675395.8728046,1.0106769761205312,-2.0927810304123968e-05,0.0
1769675395.892797,1.0106769761205312,-2.0927810304123968e-05,0.0
1769675395.9127855,1.0106769761205312,-2.0927810304123968e-05,0.0
1769675395.9327722,1.0106769761205312,-2.0927810304123968e-05,0.0
1769675395.9527636,1.0106769761205312,-2.0927810304123968e-05,0.0
1769675395.972755,1.0106769761205312,-2.0927810304123968e-05,0.0
1769675395.9927406,1.0106769761205312,-2.0927810304123968e-05,0.0
1769675396.0127287,1.0106769761205312,-2.0927810304123968e-05,0.0
1769675396.032716,1.0106769761205312,-2.0927810304123968e-05,0.0
1769675396.052704,1.0106769761205312,-2.0927810304123968e-05,0.0
1769675396.0727026,1.0106769761205312,-2.0927810304123968e-05,0.0
1769675396.0926902,1.0106769761205312,-2.0927810304123968e-05,0.0
1769675396.112676,1.0106769761205312,-2.0927810304123968e-05,0.0
1769675396.132674,1.0106769761205312,-2.0927810304123968e-05,0.0
1769675396.152647,1.0106769761205312,-2.0927810304123968e-05,0.0
1769675396.1726332,1.0106769761205312,-2.0927810304123968e-05,0.0
1769675396.1926255,1.0106769761205312,-2.0927810304123968e-05,0.0
1769675396.2126114,1.0106769761205312,-2.0927810304123968e-05,0.0
1769675396.2325978,1.0106769761205312,-2.0927810304123968e-05,0.0
1769675396.2525878,1.0106769761205312,-2.0927810304123968e-05,0.0
1769675396.2725754,1.0106769761205312,-2.0927810304123968e-05,0.0
1769675396.2925866,1.0106769761205312,-2.0927810304123968e-05,0.0
1769675396.3125532,1.0106769761205312,-2.0927810304123968e-05,0.0
1769675396.3325417,1.0106769761205312,-2.0927810304123968e-05,0.0
1769675396.3525312,1.0106769761205312,-2.0927810304123968e-05,0.0
1769675396.3725178,1.0106769761205312,-2.0927810304123968e-05,0.0
1769675396.392508,1.0106769761205312,-2.0927810304123968e-05,0.0
1769675396.412498,1.0106769761205312,-2.0927810304123968e-05,0.0
1769675396.4324849,1.0106769761205312,-2.0927810304123968e-05,0.0
1769675396.4524705,1.0106769761205312,-2.0927810304123968e-05,0.0
1769675396.4724598,1.0106769761205312,-2.0927810304123968e-05,0.0
1769675396.492449,1.0106769761205312,-2.0927810304123968e-05,0.0
1769675396.5124388,1.0106769761205312,-2.0927810304123968e-05,0.0
1769675396.5324266,1.0106769761205312,-2.0927810304123968e-05,0.0
1769675396.5524154,1.0106769761205312,-2.0927810304123968e-05,0.0
1769675396.5724034,1.0106769761205312,-2.0927810304123968e-05,0.0
